UserId;Login;HashPassword;RoleId;PersonId
1;94d5ous@gmail.com;$2a$12$BkVjpD8JKL0xtdOHZmSrBObZsD3ug6vJjT6/M/E6zG0muBiY.iz/u;1;1
2;uth4iz@mail.com;$2a$12$//dgjMXlH/VwmBYKJ8kUyeEv0.joTP.t99lbuEc8qPEj2QVYB0aLW;1;2
3;yzls62@outlook.com;$2a$12$n.QENHGOyNRhRZy2BFALMukOx70aQbrQaJcYG1Fn51i3fTxg7jVIG;1;3
4;1diph5e@tutanota.com;$2a$12$uylIndchcmMstqpHaDmrhOCCDU6sfpXwwPTxwed.K2goNcfqWVzBW;2;4
5;tjde7c@yahoo.com;$2a$12$96fGJt3IZs77eJzdwfGfH.CHBMv5J.WjEyjG/NIee.l8cNsmodz66;2;5
6;wpmrc3do@tutanota.com;$2a$12$OYmls0aaxX/xiYGZhLxN5ussDq4WQOEM/IhQAPV6Tar/PdpENHTqy;2;6
7;5d4zbu@tutanota.com;$2a$12$9EUJa6InxPz9qbhbzkFVXOilEF83gawPGLX.LGApvZP2gbpiEFTOe;3;7
8;ptec8ym@yahoo.com;$2a$12$3VH5KFkuyANlRQijANan8OIbnfPWV6koCRJJ0wcATy4/ojsyTzpmG;3;8
9;1qz4kw@mail.com;$2a$12$KrhJlYbiKlJ4h6aQsrxZDuWnoB5Y7EYxzpfUuMFPDH4E/Mb3q0f32;3;5
10;4np6se@mail.com;$2a$12$qER1TVRLfkCfzXR3g8fRSef/ON.MsRGMwdpN6929euZ21OKky3wva;3;6
